<application>
  <component name="FileTypeManager" version="18">
    <extensionMap>
      <removed_mapping ext="rs" type="Android RenderScript" />
      <mapping ext="gradle.kts" type="Kotlin" />
      <mapping pattern="beanScope-applicationContextxml" type="PLAIN_TEXT" />
      <mapping ext="rs" type="Rust" />
      <removed_mapping ext="apk" approved="true" type="ARCHIVE" />
      <removed_mapping ext="bat" approved="true" type="PLAIN_TEXT" />
      <removed_mapping ext="cmd" approved="true" type="PLAIN_TEXT" />
      <removed_mapping ext="dockerfile" approved="true" type="textmate" />
      <removed_mapping ext="log" approved="true" type="PLAIN_TEXT" />
      <removed_mapping ext="makefile" approved="true" type="textmate" />
      <removed_mapping ext="psd" approved="true" type="Image" />
      <removed_mapping ext="snakefile" approved="true" type="textmate" />
      <removed_mapping pattern="show-form.jsp" approved="true" type="PLAIN_TEXT" />
    </extensionMap>
  </component>
</application>