<application>
  <component name="UpdatesConfigurable">
    <ignoredBuildNumbers>
      <item value="183.6156.11" />
      <item value="193.7288.26" />
      <item value="193.6911.18" />
      <item value="202.7319.50" />
    </ignoredBuildNumbers>
    <option name="LAST_BUILD_CHECKED" value="IC-231.8770.65" />
    <option name="LAST_TIME_CHECKED" value="1683593194875" />
    <option name="THIRD_PARTY_PLUGINS_ALLOWED" value="true" />
    <option name="WHATS_NEW_SHOWN_FOR" value="231" />
  </component>
</application>