<keymap version="1" name="Spring Boot Keymap" parent="Eclipse (Mac OS X)">
  <action id="EditorIncreaseFontSize">
    <keyboard-shortcut first-keystroke="shift meta equals" />
  </action>
  <action id="Macro.Spring Boot Automatic Build">
    <keyboard-shortcut first-keystroke="meta s" />
  </action>
  <action id="SaveAll" />
  <action id="Scala.ShowImplicits">
    <keyboard-shortcut first-keystroke="shift ctrl alt equals" />
    <keyboard-shortcut first-keystroke="shift ctrl alt add" />
  </action>
  <action id="ShowRegistry">
    <keyboard-shortcut first-keystroke="shift meta a" />
  </action>
  <action id="android.deploy.ApplyChanges">
    <keyboard-shortcut first-keystroke="ctrl meta r" />
  </action>
  <action id="android.deploy.CodeSwap">
    <keyboard-shortcut first-keystroke="shift ctrl meta r" />
  </action>
</keymap>